time_sec,heart_rate_bpm,spo2_percent,bp_systolic,bp_diastolic,motion,hr_mean_30s,hr_std_30s,hr_slope_30s,spo2_mean_30s,spo2_delta_from_baseline,spo2_seconds_below_94,spo2_slope_60s,sys_bp_mean_60s,sys_bp_slope_60s,motion_mean_10s,high_motion_flag,if_score,if_score_norm,pca_error,pca_score_norm,hybrid_risk_score,hybrid_anomaly,final_alert,alert_level,alert_reason,trend_severity,anomaly_norm,trend_norm,confidence,risk_score,risk_level,final_alert_flag,ground_truth,amber_flag,amber_sustained_50s,predicted_alert,gt_start,alert_start,alert_latency_sec
300,83.97780848188214,93.51039442818217,117.83978092877612,83.18721933222827,0.955968881589944,77.37684769783695,2.918117059643454,0.0502921603350515,97.88318734520564,-0.08454250907198,1.0,-0.0038372235664422,120.18401552152496,-0.0027193479475694,0.2860005514249684,0,0.4947195187344379,0.3593503508773989,0.0008403436268262,0.0001746684479552,0.2156800779056215,0,0,normal,No sustained risk detected,0.018949577283021,22.462172572844256,4.429193149101184,0.1524898080334702,16.33095956877161,GREEN,0,1,0,0,0,True,False,307
