{"mean": {"time_sec": 929.0, "heart_rate_bpm": 91.82566726876588, "spo2_percent": 94.92217836757862, "bp_systolic": 112.6757111415898, "bp_diastolic": 74.48077083206239, "motion": 0.32568126207524545, "hr_mean_30s": 91.77058019229335, "hr_std_30s": 3.5228083901976124, "hr_slope_30s": 0.0039338299382467535, "spo2_mean_30s": 94.93204802650516, "spo2_delta_from_baseline": -3.035681827772454, "spo2_seconds_below_94": 22.912119471568065, "spo2_slope_60s": -0.0007293147439158499, "sys_bp_mean_60s": 112.74525139973454, "sys_bp_slope_60s": -0.0027239448719311964, "motion_mean_10s": 0.3256959967340525, "high_motion_flag": 0.01723147616312464}, "std": {"time_sec": 502.7277261765723, "heart_rate_bpm": 14.24150447428735, "spo2_percent": 2.632566664255688, "bp_systolic": 9.180697602784878, "bp_diastolic": 7.323646098776296, "motion": 0.20565243925082763, "hr_mean_30s": 13.821173409751253, "hr_std_30s": 1.1017869074071152, "hr_slope_30s": 0.14276805468598944, "spo2_mean_30s": 2.4917105535980357, "spo2_delta_from_baseline": 2.4917105535980357, "spo2_seconds_below_94": 25.523187049659875, "spo2_slope_60s": 0.017891521781655144, "sys_bp_mean_60s": 7.633798299897352, "sys_bp_slope_60s": 0.05445106707483397, "motion_mean_10s": 0.16559332394005363, "high_motion_flag": 0.1301702150791003}}